Workbook

Sheet Sayfa1
A1: CALL TIME | C1: Varışlar arası fark | E1: Fark Saniye Cinsinden | G1: Süreler | H1: Frekans | J1: Kümülatif
A2: 0.00032407407 | H2: {=FREQUENCY(E3:E101, G3:G13)} -> 0
A3: 0.0015277778 | C3: =A3 - A2 -> 0.0012037037 | E3: =MINUTE(C3) + SECOND(C3)/60 -> 1.7333333 | G3: 0 | H3: 41 | I3: =SUM($H$3:H3) -> 41 | J3: =I3/$H$15 -> 0.41414141
A4: 0.0028472222 | C4: =A4 - A3 -> 0.0013194444 | E4: =MINUTE(C4) + SECOND(C4)/60 -> 1.9 | G4: 2 | H4: 25 | I4: =SUM($H$3:H4) -> 66 | J4: =I4/$H$15 -> 0.66666667
A5: 0.0034490741 | C5: =A5 - A4 -> 0.00060185185 | E5: =MINUTE(C5) + SECOND(C5)/60 -> 0.86666667 | G5: 4 | H5: 12 | I5: =SUM($H$3:H5) -> 78 | J5: =I5/$H$15 -> 0.78787879
A6: 0.0037962963 | C6: =A6 - A5 -> 0.00034722222 | E6: =MINUTE(C6) + SECOND(C6)/60 -> 0.5 | G6: 6 | H6: 5 | I6: =SUM($H$3:H6) -> 83 | J6: =I6/$H$15 -> 0.83838384
A7: 0.0041435185 | C7: =A7 - A6 -> 0.00034722222 | E7: =MINUTE(C7) + SECOND(C7)/60 -> 0.5 | G7: 8 | H7: 3 | I7: =SUM($H$3:H7) -> 86 | J7: =I7/$H$15 -> 0.86868687
A8: 0.005625 | C8: =A8 - A7 -> 0.0014814815 | E8: =MINUTE(C8) + SECOND(C8)/60 -> 2.1333333 | G8: 10 | H8: 4 | I8: =SUM($H$3:H8) -> 90 | J8: =I8/$H$15 -> 0.90909091
A9: 0.0070486111 | C9: =A9 - A8 -> 0.0014236111 | E9: =MINUTE(C9) + SECOND(C9)/60 -> 2.05 | G9: 12 | H9: 3 | I9: =SUM($H$3:H9) -> 93 | J9: =I9/$H$15 -> 0.93939394
A10: 0.0077777778 | C10: =A10 - A9 -> 0.00072916667 | E10: =MINUTE(C10) + SECOND(C10)/60 -> 1.05 | G10: 14 | H10: 3 | I10: =SUM($H$3:H10) -> 96 | J10: =I10/$H$15 -> 0.96969697
A11: 0.0082175926 | C11: =A11 - A10 -> 0.00043981481 | E11: =MINUTE(C11) + SECOND(C11)/60 -> 0.63333333 | G11: 16 | H11: 2 | I11: =SUM($H$3:H11) -> 98 | J11: =I11/$H$15 -> 0.98989899
A12: 0.0084375 | C12: =A12 - A11 -> 0.00021990741 | E12: =MINUTE(C12) + SECOND(C12)/60 -> 0.31666667 | G12: 18 | H12: 1 | I12: =SUM($H$3:H12) -> 99 | J12: =I12/$H$15 -> 1
A13: 0.010208333 | C13: =A13 - A12 -> 0.0017708333 | E13: =MINUTE(C13) + SECOND(C13)/60 -> 2.55 | G13: 20 | H13: 0 | I13: =SUM($H$3:H13) -> 99 | J13: =I13/$H$15 -> 1
A14: 0.012037037 | C14: =A14 - A13 -> 0.0018287037 | E14: =MINUTE(C14) + SECOND(C14)/60 -> 2.6333333
A15: 0.01412037 | C15: =A15 - A14 -> 0.0020833333 | E15: =MINUTE(C15) + SECOND(C15)/60 -> 3 | G15: TOPLAM: | H15: =SUM(H3:H13) -> 99
A16: 0.017395833 | C16: =A16 - A15 -> 0.003275463 | E16: =MINUTE(C16) + SECOND(C16)/60 -> 4.7166667
A17: 0.018518519 | C17: =A17 - A16 -> 0.0011226852 | E17: =MINUTE(C17) + SECOND(C17)/60 -> 1.6166667
A18: 0.01900463 | C18: =A18 - A17 -> 0.00048611111 | E18: =MINUTE(C18) + SECOND(C18)/60 -> 0.7 | G18: Tahmin: | H18: Üstel
A19: 0.0228125 | C19: =A19 - A18 -> 0.0038078704 | E19: =MINUTE(C19) + SECOND(C19)/60 -> 5.4833333
A20: 0.024907407 | C20: =A20 - A19 -> 0.0020949074 | E20: =MINUTE(C20) + SECOND(C20)/60 -> 3.0166667
A21: 0.028078704 | C21: =A21 - A20 -> 0.0031712963 | E21: =MINUTE(C21) + SECOND(C21)/60 -> 4.5666667
A22: 0.029560185 | C22: =A22 - A21 -> 0.0014814815 | E22: =MINUTE(C22) + SECOND(C22)/60 -> 2.1333333
A23: 0.030162037 | C23: =A23 - A22 -> 0.00060185185 | E23: =MINUTE(C23) + SECOND(C23)/60 -> 0.86666667 | G23: ORTALAMA: | H23: =AVERAGE(E3:E101) -> 4.2109428
A24: 0.0315625 | C24: =A24 - A23 -> 0.001400463 | E24: =MINUTE(C24) + SECOND(C24)/60 -> 2.0166667 | G24: VARYANS: | H24: =_xlfn.VAR.P(E3:E101) -> 19.625472
A25: 0.0325 | C25: =A25 - A24 -> 0.0009375 | E25: =MINUTE(C25) + SECOND(C25)/60 -> 1.35 | G25: S. SAPMA: | H25: =_xlfn.STDEV.S(E3:E101) -> 4.4526096
A26: 0.032627315 | C26: =A26 - A25 -> 0.00012731481 | E26: =MINUTE(C26) + SECOND(C26)/60 -> 0.18333333
A27: 0.033368056 | C27: =A27 - A26 -> 0.00074074074 | E27: =MINUTE(C27) + SECOND(C27)/60 -> 1.0666667 | G27: LAMBDA: | H27: =1 / AVERAGE(E2:E101) -> 0.23747651
A28: 0.034050926 | C28: =A28 - A27 -> 0.00068287037 | E28: =MINUTE(C28) + SECOND(C28)/60 -> 0.98333333
A29: 0.034849537 | C29: =A29 - A28 -> 0.00079861111 | E29: =MINUTE(C29) + SECOND(C29)/60 -> 1.15
A30: 0.034988426 | C30: =A30 - A29 -> 0.00013888889 | E30: =MINUTE(C30) + SECOND(C30)/60 -> 0.2
A31: 0.040833333 | C31: =A31 - A30 -> 0.0058449074 | E31: =MINUTE(C31) + SECOND(C31)/60 -> 8.4166667
A32: 0.040949074 | C32: =A32 - A31 -> 0.00011574074 | E32: =MINUTE(C32) + SECOND(C32)/60 -> 0.16666667
A33: 0.043101852 | C33: =A33 - A32 -> 0.0021527778 | E33: =MINUTE(C33) + SECOND(C33)/60 -> 3.1
A34: 0.045972222 | C34: =A34 - A33 -> 0.0028703704 | E34: =MINUTE(C34) + SECOND(C34)/60 -> 4.1333333
A35: 0.046851852 | C35: =A35 - A34 -> 0.00087962963 | E35: =MINUTE(C35) + SECOND(C35)/60 -> 1.2666667
A36: 0.050196759 | C36: =A36 - A35 -> 0.0033449074 | E36: =MINUTE(C36) + SECOND(C36)/60 -> 4.8166667
A37: 0.053981481 | C37: =A37 - A36 -> 0.0037847222 | E37: =MINUTE(C37) + SECOND(C37)/60 -> 5.45
A38: 0.055289352 | C38: =A38 - A37 -> 0.0013078704 | E38: =MINUTE(C38) + SECOND(C38)/60 -> 1.8833333
A39: 0.056678241 | C39: =A39 - A38 -> 0.0013888889 | E39: =MINUTE(C39) + SECOND(C39)/60 -> 2
... A101: 0.28982639 | C101: =A101 - A100 -> 0.0091550926 | E101: =MINUTE(C101) + SECOND(C101)/60 -> 13.183333

Sheet Sayfa2
A1: Konuşma Süreleri | C1: Dakika Cinsinden | F1: Süreler | H1: Frekans
A2: 0.00056712963 | C2: =MINUTE(A2) + SECOND(A2)/60 -> 0.81666667 | H2: {=FREQUENCY(C2:C100, F3:F8)} -> 0
A3: 0.00019675925 | C3: =MINUTE(A3) + SECOND(A3)/60 -> 0.28333333 | F3: 0 | H3: 3
A4: 0.0014104861 | C4: =MINUTE(A4) + SECOND(A4)/60 -> 2.0333333 | F4: 1 | H4: 20
A5: 0.0022222222 | C5: =MINUTE(A5) + SECOND(A5)/60 -> 3.2 | F5: 2 | H5: 37
A6: 0.0029007407 | C6: =MINUTE(A6) + SECOND(A6)/60 -> 4.1833333 | F6: 3 | H6: 25
A7: 0.0025115741 | C7: =MINUTE(A7) + SECOND(A7)/60 -> 3.6166667 | F7: 4 | H7: 10
A8: 0.0022290046 | C8: =MINUTE(A8) + SECOND(A8)/60 -> 3.2166667 | F8: 5 | H8: 4
A9: 0.0016934028 | C9: =MINUTE(A9) + SECOND(A9)/60 -> 2.4333333
A10: 0.0011828704 | C10: =MINUTE(A10) + SECOND(A10)/60 -> 1.7 | G10: Toplam: | H10: =SUM(_xlfn.ANCHORARRAY(H2)) -> 99
A11: 0.0021799421 | C11: =MINUTE(A11) + SECOND(A11)/60 -> 3.1333333
A12: 0.0023939352 | C12: =MINUTE(A12) + SECOND(A12)/60 -> 3.45
A13: 0.0011312153 | C13: =MINUTE(A13) + SECOND(A13)/60 -> 1.6333333 | G13: Tahmin: | H13: Normal
A14: 0.001800081 | C14: =MINUTE(A14) + SECOND(A14)/60 -> 2.6
A15: 0.002096412 | C15: =MINUTE(A15) + SECOND(A15)/60 -> 3.0166667
A16: 0.0012791667 | C16: =MINUTE(A16) + SECOND(A16)/60 -> 1.85 | G16: ORTALAMA | H16: =AVERAGE(C2:C100) -> 2.793771
A17: 0.0020090741 | C17: =MINUTE(A17) + SECOND(A17)/60 -> 2.9 | G17: VARYANS | H17: =_xlfn.VAR.P(C2:C100) -> 1.0545151
A18: 0.0012615741 | C18: =MINUTE(A18) + SECOND(A18)/60 -> 1.8166667 | G18: S. SAPMA | H18: =_xlfn.STDEV.P(C2:C100) -> 1.0268958
A19: 0.0019584144 | C19: =MINUTE(A19) + SECOND(A19)/60 -> 2.8166667
A20: 0.0023726852 | C20: =MINUTE(A20) + SECOND(A20)/60 -> 3.4166667
A21: 0.0011008912 | C21: =MINUTE(A21) + SECOND(A21)/60 -> 1.5833333
A22: 0.0027864236 | C22: =MINUTE(A22) + SECOND(A22)/60 -> 4.0166667
A23: 0.0014351852 | C23: =MINUTE(A23) + SECOND(A23)/60 -> 2.0666667
A24: 0.0021064815 | C24: =MINUTE(A24) + SECOND(A24)/60 -> 3.0333333
A25: 0.0013421759 | C25: =MINUTE(A25) + SECOND(A25)/60 -> 1.9333333
A26: 0.0014945602 | C26: =MINUTE(A26) + SECOND(A26)/60 -> 2.15
A27: 0.0016814005 | C27: =MINUTE(A27) + SECOND(A27)/60 -> 2.4166667
A28: 0.0010105671 | C28: =MINUTE(A28) + SECOND(A28)/60 -> 1.45
A29: 0.0012271643 | C29: =MINUTE(A29) + SECOND(A29)/60 -> 1.7666667
A30: 0.0028703704 | C30: =MINUTE(A30) + SECOND(A30)/60 -> 4.1333333
... A100: 0.0015393519 | C100: =MINUTE(A100) + SECOND(A100)/60 -> 2.2166667

Sheet Sayfa3
B2: GİRDİ MODELİ TESTİ | N2: Ki-Kare Tablosu
B3: SINIF | D3: Oi | E3: Ei | F3: (Oi - Ei) | G3: (Oi - Ei)^2 | H3: (Oi - Ei)^2/Ei | N3: Serbestlik | O3: P = 0.05 | P3: P = 0.01 | Q3: P = 0.001
B4: 0 | C4: 2 | D4: 41 | E4: =((1-EXP(-L5*C4))-(1-EXP(-L5*B4)))*L4 -> 37.421065 | F4: =D4-E4 -> 3.5789351 | G4: =F4^2 -> 12.808777 | H4: =G4/E4 -> 0.34228788 | K4: n= | L4: 99 | N4: Derecesi
B5: 2 | C5: 4 | D5: 25 | E5: =((1-EXP(-L5*C5))-(1-EXP(-L5*B5)))*L4 -> 23.276256 | F5: =D5-E5 -> 1.7237442 | G5: =F5^2 -> 2.971294 | H5: =G5/E5 -> 0.12765344 | K5: Lambda= | L5: 0.2374 | N5: 1 | O5: 3.84 | P5: 6.64 | Q5: 10.83
B6: 4 | C6: 6 | D6: 12 | E6: =((1-EXP(-L5*C6))-(1-EXP(-L5*B6)))*L4 -> 14.478051 | F6: =D6-E6 -> -2.478051 | G6: =F6^2 -> 6.1407367 | H6: =G6/E6 -> 0.42414111 | N6: 2 | O6: 5.99 | P6: 9.21 | Q6: 13.82
B7: 6 | C7: 8 | D7: 5 | E7: =((1-EXP(-L5*C7))-(1-EXP(-L5*B7)))*L4 -> 9.0054845 | F7: =D7-E7 -> -4.0054845 | G7: =F7^2 -> 16.043906 | H7: =G7/E7 -> 1.7815705 | J7: 6-1-1=4 | N7: 3 | O7: 7.82 | P7: 11.35 | Q7: 16.27
B8: 8 | C8: 10 | D8: 3 | E8: =((1-EXP(-L5*C8))-(1-EXP(-L5*B8)))*L4 -> 5.6014964 | F8: =D8-E8 -> -2.6014964 | G8: =F8^2 -> 6.7677835 | H8: =G8/E8 -> 1.2082099 | N8: 4 | O8: 9.49 | P8: 13.28 | Q8: 18.47
B9: 10 | C9: 20 | D9: 13 | E9: =((1-EXP(-L5*C9))-(1-EXP(-L5*B9)))*L4 -> 8.3594149 | F9: =D9-E9 -> 4.6405851 | G9: =F9^2 -> 21.53503 | H9: =G9/E9 -> 2.5761408 | N9: 5 | O9: 11.07 | P9: 15.09 | Q9: 20.52
G10: TOPLAM: | H10: =SUM(H4:H9) -> 6.4600037 | N10: 6 | O10: 12.59 | P10: 16.81 | Q10: 22.46
N11: 7 | O11: 14.07 | P11: 18.48 | Q11: 24.32
N12: 8 | O12: 15.51 | P12: 20.09 | Q12: 26.13
H13: Hesaplanan Değer (6,46) < Kritik Değer (9,49) | N13: 9 | O13: 16.92 | P13: 21.67 | Q13: 27.88
N14: 10 | O14: 18.31 | P14: 23.21 | Q14: 29.59
I15: Sonuç : | J15: KABUL

Sheet Sayfa4
B2: GİRDİ MODELİ TESTİ | L2: Toplam: | M2: 99 | T2: Ki-Kare Tablosu
B3: Sınıf | D3: Oi | E3: Ei | F3: (Oi - Ei) | G3: (Oi - Ei)^2 | H3: (Oi - Ei)^2/Ei | L3: Ortalama: | M3: 2.79 | T3: Serbestlik | U3: P = 0.05 | V3: P = 0.01 | W3: P = 0.001
B4: 0 | C4: 1 | D4: 3 | E4: =(_xlfn.NORM.DIST(C4, $M$3, $M$5, TRUE) - _xlfn.NORM.DIST(B4, $M$3, $M$5, TRUE)) * $M$2 -> 3.7362995 | F4: =D4-E4 -> -0.73629954 | G4: =F4^2 -> 0.54213701 | H4: =G4/E4 -> 0.14509999 | L4: Varyans: | M4: 1.05 | T4: Derecesi
B5: 1 | C5: 2 | D5: 20 | E5: =(_xlfn.NORM.DIST(C5, $M$3, $M$5, TRUE) - _xlfn.NORM.DIST(B5, $M$3, $M$5, TRUE)) * $M$2 -> 17.8622 | F5: =D5-E5 -> 2.1378002 | G5: =F5^2 -> 4.5701897 | H5: =G5/E5 -> 0.25585817 | L5: S. Sapma: | M5: 1.03 | T5: 1 | U5: 3.84 | V5: 6.64 | W5: 10.83
B6: 2 | C6: 3 | D6: 37 | E6: =(_xlfn.NORM.DIST(C6, $M$3, $M$5, TRUE) - _xlfn.NORM.DIST(B6, $M$3, $M$5, TRUE)) * $M$2 -> 35.564174 | F6: =D6-E6 -> 1.4358256 | G6: =F6^2 -> 2.0615953 | H6: =G6/E6 -> 0.057968315 | T6: 2 | U6: 5.99 | V6: 9.21 | W6: 13.82
B7: 3 | C7: 4 | D7: 25 | E7: =(_xlfn.NORM.DIST(C7, $M$3, $M$5, TRUE) - _xlfn.NORM.DIST(B7, $M$3, $M$5, TRUE)) * $M$2 -> 29.618459 | F7: =D7-E7 -> -4.618459 | G7: =F7^2 -> 21.330164 | H7: =G7/E7 -> 0.72016454 | L7: 6-2-1 = 3 | T7: 3 | U7: 7.82 | V7: 11.35 | W7: 16.27
B8: 4 | C8: 5 | D8: 10 | E8: =(_xlfn.NORM.DIST(C8, $M$3, $M$5, TRUE) - _xlfn.NORM.DIST(B8, $M$3, $M$5, TRUE)) * $M$2 -> 10.305376 | F8: =D8-E8 -> -0.30537582 | G8: =F8^2 -> 0.09325439 | H8: =G8/E8 -> 0.0090491013 | T8: 4 | U8: 9.49 | V8: 13.28 | W8: 18.47
B9: 5 | C9: 6 | D9: 4 | E9: =(_xlfn.NORM.DIST(C9, $M$3, $M$5, TRUE) - _xlfn.NORM.DIST(B9, $M$3, $M$5, TRUE)) * $M$2 -> 1.4885807 | F9: =D9-E9 -> 2.5114193 | G9: =F9^2 -> 6.3072267 | H9: =G9/E9 -> 4.237074 | T9: 5 | U9: 11.07 | V9: 15.09 | W9: 20.52
G10: TOPLAM: | H10: =SUM(H4:H9) -> 5.4252141 | T10: 6 | U10: 12.59 | V10: 16.81 | W10: 22.46
T11: 7 | U11: 14.07 | V11: 18.48 | W11: 24.32
T12: 8 | U12: 15.51 | V12: 20.09 | W12: 26.13
J13: Hesaplanan Değer (5,42) < Kritik Değer (7,82) | T13: 9 | U13: 16.92 | V13: 21.67 | W13: 27.88
T14: 10 | U14: 18.31 | V14: 23.21 | W14: 29.59
K15: Sonuç: | L15: Kabul

Sheet Sayfa5
C4: Rastgele Sayı Üretici | F4: X1 | G4: X2 | H4: X3 | I4: X4 | J4: X5 | K4: X6 | L4: X7 | M4: X8 | N4: X9 | O4: X10 | T4: Kolmogorov-Smirnov Testi Tablosu
C5: X0 | D5: 7 | F5: =MOD(D6*D5+D8,D7) -> 13 | G5: =MOD(D6*F5+D7,D8) -> 75 | H5: =MOD(D6*G5+D7,D8) -> 19 | I5: =MOD(D6*H5+D7,D8) -> 47 | J5: =MOD(D6*I5+D7,D8) -> 83 | K5: =MOD(D6*J5+D7,D8) -> 15 | L5: =MOD(D6*K5+D7,D8) -> 99 | M5: =MOD(D6*L5+D7,D8) -> 7 | N5: =MOD(D6*M5+D7,D8) -> 3 | O5: =MOD(D6*N5+D7,D8) -> 55 | T5: Serbestlik | U5: P = 0.10 | V5: P = 0.05 | W5: P = 0.02 | X5: P = 0.01
C6: a | D6: 12 | T6: Derecesi
C7: c | D7: 19 | F7: R1 | G7: R2 | H7: R3 | I7: R4 | J7: R5 | K7: R6 | L7: R7 | M7: R8 | N7: R9 | O7: R10 | T7: 1 | U7: 0.95000 | V7: 0.97500 | W7: 0.99000 | X7: 0.99500
C8: m | D8: 100 | F8: =F5/D8 -> 0.13 | G8: =G5/D8 -> 0.75 | H8: =H5/D8 -> 0.19 | I8: =I5/D8 -> 0.47 | J8: =K5/D8 -> 0.15 | K8: =K5/D8 -> 0.15 | L8: =L5/D8 -> 0.99 | M8: =M5/D8 -> 0.07 | N8: =N5/D8 -> 0.03 | O8: =O5/D8 -> 0.55 | T8: 2 | U8: 0.77639 | V8: 0.84189 | W8: 0.90000 | X8: 0.92929
T9: 3 | U9: 0.63604 | V9: 0.70760 | W9: 0.78456 | X9: 0.82900
T10: 4 | U10: 0.56522 | V10: 0.62394 | W10: 0.68887 | X10: 0.73424
T11: 5 | U11: 0.50945 | V11: 0.56328 | W11: 0.62718 | X11: 0.66853
E12: Ri | F12: 0.05 | G12: 0.25 | H12: 0.32 | I12: 0.43 | J12: 0.52 | K12: 0.52 | L12: 0.66 | M12: 0.72 | N12: 0.83 | O12: 0.86 | T12: 6 | U12: 0.46799 | V12: 0.51926 | W12: 0.57741 | X12: 0.61661
E13: i/N | F13: 0.1 | G13: 0.2 | H13: 0.3 | I13: 0.4 | J13: 0.5 | K13: 0.6 | L13: 0.7 | M13: 0.8 | N13: 0.9 | O13: 1 | T13: 7 | U13: 0.43607 | V13: 0.48342 | W13: 0.53844 | X13: 0.57581
E14: i/N-Ri | F14: =F13-F12 -> 0.05 | G14: =G13-G12 -> -0.05 | H14: =H13-H12 -> -0.02 | I14: =I13-I12 -> -0.03 | J14: =J13-J12 -> -0.02 | K14: =K13-K12 -> 0.08 | L14: =L13-L12 -> 0.04 | M14: =M13-M12 -> 0.08 | ... O14: =O13-O12 -> 0.14 | T14: 8 | U14: 0.40962 | V14: 0.45427 | W14: 0.50654 | X14: 0.54179
E15: Ri-(i-1)/N | F15: =F12-(1-1)/10 -> 0.05 | G15: =G12-(2-1)/10 -> 0.15 | H15: =H12-(3-1)/10 -> 0.12 | I15: =I12-(4-1)/10 -> 0.13 | J15: =J12-(5-1)/10 -> 0.12 | K15: =K12-(6-1)/10 -> 0.02 | L15: =L12-(7-1)/10 -> 0.06 | M15: =M12-(8-1)/10 -> 0.02 | N15: =N12-(9-1)/10 -> 0.03 | O15: =O12-(10-1)/10 -> -0.04 | T15: 9 | U15: 0.38746 | V15: 0.43001 | W15: 0.47960 | X15: 0.51332
T16: 10 | U16: 0.36866 | V16: 0.40925 | W16: 0.45662 | X16: 0.48893
D18: D+=max{i/N-Ri} | F18: =LARGE(F14:O14,1) -> 0.14 | I18: alfa = 0,05 ise Da = 0.409 > D=0.14
D19: D-=max{Ri-(i-1)/N} | F19: =LARGE(F15:O15,1) -> 0.15
I20: Rasgele sayı dizisi kullanılabilir.

Sheet Sayfa6
A1: Sıra No | B1: R (Geliş) | C1: Üretilen Geliş Süresi | D1: R (Servis) | E1: Üretilen Servis Süresi
A2: 1 | B2: 0.13 | C2: =-(1/0.2374)*LN(1-B2) -> 0.58661359 | D2: 0.13 | E2: =_xlfn.NORM.INV(D2, 2.79, 1.03) -> 1.6298171
A3: 2 | B3: 0.75 | C3: =-(1/0.2374)*LN(1-B3) -> 5.8394876 | D3: 0.75 | E3: =_xlfn.NORM.INV(D3, 2.79, 1.03) -> 3.4847244
A4: 3 | B4: 0.19 | C4: =-(1/0.2374)*LN(1-B4) -> 0.88762018 | D4: 0.19 | E4: =_xlfn.NORM.INV(D4, 2.79, 1.03) -> 1.8857668
A5: 4 | B5: 0.47 | C5: =-(1/0.2374)*LN(1-B5) -> 2.6742977 | D5: 0.47 | E5: =_xlfn.NORM.INV(D5, 2.79, 1.03) -> 2.712472
A6: 5 | B6: 0.15 | C6: =-(1/0.2374)*LN(1-B6) -> 0.68457847 | D6: 0.15 | E6: =_xlfn.NORM.INV(D6, 2.79, 1.03) -> 1.7224736
A7: 6 | B7: 0.15 | C7: =-(1/0.2374)*LN(1-B7) -> 0.68457847 | D7: 0.15 | E7: =_xlfn.NORM.INV(D7, 2.79, 1.03) -> 1.7224736
A8: 7 | B8: 0.99 | C8: =-(1/0.2374)*LN(1-B8) -> 19.398358 | D8: 0.99 | E8: =_xlfn.NORM.INV(D8, 2.79, 1.03) -> 5.1861383
A9: 8 | B9: 0.07 | C9: =-(1/0.2374)*LN(1-B9) -> 0.30568952 | D9: 0.07 | E9: =_xlfn.NORM.INV(D9, 2.79, 1.03) -> 1.2699352
A10: 9 | B10: 0.03 | C10: =-(1/0.2374)*LN(1-B10) -> 0.12830332 | D10: 0.03 | E10: =_xlfn.NORM.INV(D10, 2.79, 1.03) -> 0.85278258
A11: 10 | B11: 0.55 | C11: =-(1/0.2374)*LN(1-B11) -> 3.3635539 | D11: 0.55 | E11: =_xlfn.NORM.INV(D11, 2.79, 1.03) -> 2.9194312

Sheet Sayfa7
A1: Müşteri No | B1: Gelişler Arası Süre | C1: Varış Saati | D1: Hizmet Süresi | E1: Servis Başlangıcı | F1: Servis Bitişi | G1: Bekleme Süresi | H1: Sistemde Geçen Süre
A2: 1 | B2: =Sayfa6!C2 -> 0.58661359 | C2: =B2 -> 0.58661359 | D2: =Sayfa6!E2 -> 1.6298171 | E2: =C2 -> 0.58661359 | F2: =E2+D2 -> 2.2164307 | G2: 0 | H2: =F2-C2 -> 1.6298171
A3: 2 | B3: =Sayfa6!C3 -> 5.8394876 | C3: =C2+B3 -> 6.4261012 | D3: =Sayfa6!E3 -> 3.4847244 | E3: =MAX(C3,F2) -> 6.4261012 | F3: =E3+D3 -> 9.9108257 | G3: =E3-C3 -> 0 | H3: =F3-C3 -> 3.4847244
A4: 3 | B4: =Sayfa6!C4 -> 0.88762018 | C4: =C3+B4 -> 7.3137214 | D4: =Sayfa6!E4 -> 1.8857668 | E4: =MAX(C4,F3) -> 9.9108257 | F4: =E4+D4 -> 11.796592 | G4: =E4-C4 -> 2.5971043 | H4: =F4-C4 -> 4.4828711
A5: 4 | B5: =Sayfa6!C5 -> 2.6742977 | C5: =C4+B5 -> 9.9880191 | D5: =Sayfa6!E5 -> 2.712472 | E5: =MAX(C5,F4) -> 11.796592 | F5: =E5+D5 -> 14.509065 | G5: =E5-C5 -> 1.8085734 | H5: =F5-C5 -> 4.5210454
A6: 5 | B6: =Sayfa6!C6 -> 0.68457847 | C6: =C5+B6 -> 10.672598 | D6: =Sayfa6!E6 -> 1.7224736 | E6: =MAX(C6,F5) -> 14.509065 | F6: =E6+D6 -> 16.231538 | G6: =E6-C6 -> 3.836467 | H6: =F6-C6 -> 5.5589406
A7: 6 | B7: =Sayfa6!C7 -> 0.68457847 | C7: =C6+B7 -> 11.357176 | D7: =Sayfa6!E7 -> 1.7224736 | E7: =MAX(C7,F6) -> 16.231538 | F7: =E7+D7 -> 17.954012 | G7: =E7-C7 -> 4.8743621 | H7: =F7-C7 -> 6.5968357
A8: 7 | B8: =Sayfa6!C8 -> 19.398358 | C8: =C7+B8 -> 30.755534 | D8: =Sayfa6!E8 -> 5.1861383 | E8: =MAX(C8,F7) -> 30.755534 | F8: =E8+D8 -> 35.941672 | G8: =E8-C8 -> 0 | H8: =F8-C8 -> 5.1861383
A9: 8 | B9: =Sayfa6!C9 -> 0.30568952 | C9: =C8+B9 -> 31.061224 | D9: =Sayfa6!E9 -> 1.2699352 | E9: =MAX(C9,F8) -> 35.941672 | F9: =E9+D9 -> 37.211608 | G9: =E9-C9 -> 4.8804488 | H9: =F9-C9 -> 6.150384
A10: 9 | B10: =Sayfa6!C10 -> 0.12830332 | C10: =C9+B10 -> 31.189527 | D10: =Sayfa6!E10 -> 0.85278258 | E10: =MAX(C10,F9) -> 37.211608 | F10: =E10+D10 -> 38.06439 | G10: =E10-C10 -> 6.0220807 | H10: =F10-C10 -> 6.8748633
A11: 10 | B11: =Sayfa6!C11 -> 3.3635539 | C11: =C10+B11 -> 34.553081 | D11: =Sayfa6!E11 -> 2.9194312 | E11: =MAX(C11,F10) -> 38.06439 | F11: =E11+D11 -> 40.983821 | G11: =E11-C11 -> 3.5113094 | H11: =F11-C11 -> 6.4307406
I13: Ortalama Geliş Süresi
I14: =AVERAGE(B2:B11) -> 3.4553081
I16: Sistemde Geçen Ortalama Süre
I17: =AVERAGE(H2:H11) -> 5.0916361
